Model,Accuracy,Precision,Recall,F1-score,ROC_AUC
Decision Tree,0.9130760584488572,0.9129305303200924,0.9130760584488572,0.9129342109696618,0.9377457299622155
