Model,Accuracy,Precision,Recall,F1-score,ROC_AUC
Logistic Regression,0.8326464343699264,0.8425129036881827,0.8326464343699264,0.8338015815792005,0.9260054960497143
