Model,Accuracy,Precision,Recall,F1-score,ROC_AUC
Random Forest,0.9158236543024854,0.9158004660521194,0.9158236543024854,0.9157023486224244,0.9480068076070326
