Model,Accuracy,Precision,Recall,F1-score,ROC_AUC
SVM,0.7168727363556888,0.7399242437375408,0.7168727363556888,0.7145054408838143,0.8783224341569625
